{"Cu": {"MAE": [1.8493406797004173, 1.9597348041851501, 1.9459742268028162, 1.8100389918352975, 1.837813265955555, 1.8580687299428005, 1.8552745597463258, 1.9562234979280284, 1.8188872523558124, 1.8788079839967735], "RMSE": [2.182414409250976, 2.235455685202519, 2.2175609071205846, 2.0998606352059093, 2.1386131025870174, 2.1397018182076786, 2.1431979403610595, 2.247160339782731, 2.0963145351219534, 2.1534472653945964], "R2": [-0.0008396758870110599, -0.08075095523733666, -0.0664136026729012, -0.016651742209509823, -0.07634219794863384, -0.013767143703775409, -0.0011596560775017917, -0.09461553694020441, -0.037302017837606005, -0.05148972041735744]}, "Ni": {"MAE": [1.8195321495880556, 1.951409531676251, 1.8569985015313033, 1.8861912606467663, 1.8655754005710539, 1.8279142019538048, 1.8676458931457676, 1.8853160812973824, 1.892374650159047, 1.8481509273397174], "RMSE": [2.103652013782834, 2.2309155228612094, 2.1722828329763115, 2.170774684107493, 2.15747525659669, 2.1187453022352494, 2.1379473921473187, 2.163145669794524, 2.167703114011504, 2.152219455451505], "R2": [-0.014867003482828878, -0.07644425222240048, -0.0013912029628115885, -0.02275264892561535, -0.04948082964740119, -0.04548212643128613, -0.04291844332769057, -0.05852088087269025, -0.050082125330618066, 0.0007038417817365472]}, "Pb": {"MAE": [1.9028026768008766, 1.9228185040261738, 1.8418638892185963, 1.8685475210832114, 1.8481858393294253, 1.913056060690886, 1.7750175139662856, 1.8244083858787936, 1.9368714883293905, 1.8349337263388152], "RMSE": [2.1752027677306027, 2.203341121268463, 2.1464860025267125, 2.1509489454125865, 2.143374931271403, 2.190140187398942, 2.084505925286709, 2.1139124372721363, 2.211517629131388, 2.124527613206712], "R2": [-0.05027127165357248, -0.05527921590760276, -0.0023426219681719207, -0.03358892426831983, -0.05505801487968687, -0.049247195772521124, -0.002370040944007501, -0.015442363961195804, -0.054497505067978125, -0.001104213991911518]}, "Al": {"MAE": [1.950001715394237, 1.8979753896098612, 1.8703479056468095, 1.8758636253591383, 1.7623492322108505, 1.8770793702324589, 1.8733416174499082, 1.9044309624025977, 1.8868715421185756, 1.918059251677822], "RMSE": [2.215825193927206, 2.1812413485828004, 2.1555729511002335, 2.1607313950023492, 2.1012034373716997, 2.16220557772402, 2.1585949242675637, 2.1733041732934932, 2.1726517167409365, 2.186531082326416], "R2": [-0.03741523167820793, -0.06786013003295555, -0.060352212283425466, -0.019786925035438774, -0.0015130116368344826, -0.04384191959614325, -0.09269450483975827, -0.029623549797145543, -0.057787428119035145, -0.03999336323982394]}, "Co": {"MAE": [1.7568182420852545, 1.89906232558248, 1.9257539010718656, 1.7985898556996247, 1.961506447932479, 1.8769339266568232, 1.7889932829042403, 1.8886484629671338, 1.8782058980187137, 1.7984456912198232], "RMSE": [2.0761239287491056, 2.1899071419144818, 2.2061690363161084, 2.099613689522783, 2.228910013832002, 2.1430686067199844, 2.116689327674535, 2.1604125392036098, 2.161252722154274, 2.119695994078338], "R2": [-0.002257922716280003, -0.06685319293621017, -0.06495698596581811, -0.02039951580689081, -0.03200103216765271, -0.015571345419961746, -0.0007938403961174068, -0.04429603043293895, -0.03620392901556824, -0.0013617780170942506]}, "Cr": {"MAE": [1.8893193055296797, 1.9242861673350224, 1.962696580630739, 1.8864143593821117, 1.8768738775338774, 1.8555961876306277, 1.9829360928944528, 1.8602469916838231, 1.9193030209608481, 1.8274047240405016], "RMSE": [2.1634340885050536, 2.195485401888426, 2.246707940105432, 2.1641118956310477, 2.1675321043607365, 2.1341148233473195, 2.282862185702964, 2.1434544255201615, 2.193160439401669, 2.1287997446264186], "R2": [-0.02982257437635405, -0.04087233792729483, -0.08124098932506252, -0.022295057460407053, -0.08369498664760777, -0.03195107651765561, -0.1313124604867515, -0.09155128027875392, -0.050542655728870844, -0.033581371929731985]}, "NO3": {"MAE": [11.557351714814715, 11.564934011005684, 12.174937548234945, 12.345770964091322, 11.301271416618944, 10.31731971613729, 11.429325494509806, 10.702162216323286, 9.898221718059155, 10.134548695230912], "RMSE": [14.374538769401129, 14.355792561605286, 14.973224712397101, 15.133183188690627, 13.979300416824348, 12.642897505541303, 14.11438064654248, 13.371469006808232, 12.481264853644792, 12.65589848824591], "R2": [-0.42493475439503214, -0.28837565312173563, -0.41374545840876187, -0.5405960855538927, -0.3005186525933532, -0.001969421902152657, -0.33582001305766895, -0.15333041161482508, -0.004602531040220903, -0.08543285972889869]}}