{"Cu": {"MAE": [1.8671297148975265, 1.0754232230165122, 0.9865671009244517, 0.9552179584410828, 0.9115567177190671, 0.9902491107029738, 1.0116206626771507, 0.9285618572015311, 0.9443451331859208, 1.0297081152551955], "RMSE": [2.1847253785587846, 1.3494771101533023, 1.2728915999490218, 1.228312787006994, 1.1979096344737974, 1.2898699297873042, 1.2671474100718423, 1.1889672371938362, 1.215058980148488, 1.3110698681271604], "R2": [-0.0029603861782796503, 0.6061557194802213, 0.6486358861607708, 0.6521362208117705, 0.6622976862110962, 0.6315966787347317, 0.6500281973581478, 0.6935686034619019, 0.6515126238098525, 0.6102481172715455]}, "Ni": {"MAE": [1.673829243920953, 1.752366627764214, 1.85589027587715, 1.8206540602575343, 1.586935335176397, 1.7629203579642556, 1.5998133065300624, 1.7855068255936137, 1.7892158715276194, 1.5400334813759666], "RMSE": [1.9625157832957336, 2.0800587913353006, 2.1608600325455645, 2.1465789051195716, 1.8572734860986435, 2.0728321736669755, 1.8851288770454826, 2.1008889941610853, 2.108552492550388, 1.8147457087069756], "R2": [0.11674186102941875, 0.06421406639608207, 0.009112601516670149, -8.020459447766193e-05, 0.2222597407691277, -0.0006619571712882522, 0.18915393928797608, 0.0015320972556058798, 0.006443663453502557, 0.2895186732716183]}, "Pb": {"MAE": [1.595092966314167, 1.5370676582464782, 1.4858594771731846, 1.522436626551246, 1.4947720363488117, 1.5508919781057233, 1.4652290109368507, 1.4419167679800113, 1.5648153123568633, 1.5591479712350726], "RMSE": [1.8857104994060827, 1.840223326645741, 1.8151971758296188, 1.8121594712162699, 1.8343111761115585, 1.8523228080144667, 1.7862500688085519, 1.761428639455775, 1.8800393335681937, 1.8550373707164052], "R2": [0.21068195731321404, 0.2638861856918806, 0.28318399961475904, 0.266364279274954, 0.2272730282046106, 0.24947124269745669, 0.2639516778901614, 0.29496383159504014, 0.23792341821659868, 0.23676222735005392]}, "Al": {"MAE": [0.5892961236369579, 0.5475338762411681, 0.6267795093319453, 0.588791169998893, 0.5931067981121635, 0.5510659381918962, 0.4925758446472555, 0.5444994824682095, 0.5448070326331101, 0.5615573387769517], "RMSE": [0.7733965990263657, 0.730328149744901, 0.8053233565124054, 0.9138086837933064, 0.7700998796290681, 0.7284165478750406, 0.6893042429438503, 0.7130497188320976, 0.7234559682711466, 0.7363447455061649], "R2": [0.8736177321940468, 0.8802865328355763, 0.8519987831279114, 0.8176026868172801, 0.8654714374215335, 0.8815321862956269, 0.8885760989344396, 0.889164964347341, 0.8827150242118178, 0.882054427913499]}, "Co": {"MAE": [1.274176298581121, 1.2740217386685369, 1.2282517903181902, 1.203495199020556, 1.3117767294604097, 1.2381959966218121, 1.2402672241042427, 1.1946689061982683, 1.2685416575888513, 1.2076512874699128], "RMSE": [1.54226939487419, 1.5640036582262455, 1.5227082164901005, 1.474548796561174, 1.6119120414063888, 1.528408208165619, 1.5433538800337137, 1.5022186054478937, 1.553357156332539, 1.4879467673584705], "R2": [0.4469130253644472, 0.45583727360142123, 0.49267311315830487, 0.49671990924102394, 0.4602685312727728, 0.48344447335703056, 0.467939008101643, 0.49508703597362924, 0.4647252303764371, 0.5065778507499751]}, "Cr": {"MAE": [0.4034854414517922, 0.40592117038796016, 0.411488938109611, 0.38123904865010905, 0.5080521739017643, 0.48237264129630125, 0.4224478025442507, 0.38620438328473117, 0.4959288047299877, 0.4413987523106985], "RMSE": [0.5398668454886631, 0.5355952610760457, 0.5804168622542639, 0.5160594288401477, 0.6989136536678985, 0.6797491387719785, 0.5652370898512257, 0.5370429156743318, 0.6478344146213136, 0.6070211274795138], "R2": [0.9358718981676343, 0.9380544931328736, 0.9278378767603653, 0.9418678652795925, 0.8873261754003839, 0.895306221136575, 0.9306439285407593, 0.9314774337238069, 0.9083355547568395, 0.9159606531007858]}, "NO3": {"MAE": [3.63966612742685, 3.8916189579097815, 3.678168574867346, 3.946589869207365, 3.9966962877827936, 3.8176123012195933, 3.8907076173799444, 3.8168428105978287, 3.7578182421939474, 4.2123346866016655], "RMSE": [4.679111712176781, 4.96239042070843, 4.69466028678668, 4.971845883166581, 4.980970735788142, 4.781374123046449, 4.930844728275767, 4.83713817113249, 4.873688874038036, 5.268878257204345], "R2": [0.8490149420735421, 0.8460534288362089, 0.8610210964575727, 0.8337109977970527, 0.83488988126785, 0.8566932367137996, 0.8369702178531814, 0.8490710725289601, 0.8468233128663571, 0.8118720481793746]}}